date,MKT,SMB,HML,UMD,rf,smb_equal,hml_equal,umd_equal,RMW,CMA,rmw_equal,cma_equal
19940601,-0.1576434,-0.013240454,0.016468234,0.026382175,0.008719,-0.009669261,0.021991175,0.044200803,0.026193585,0.018887061,0.014911307,0.0202822
19940701,-0.245339974,-0.118368638,0.105771546,-0.1164324,0.008719,-0.109548621,0.095571795,-0.05829226,0.085873024,-0.064570423,0.075816266,-0.079092921
19940801,1.126362308,0.374269595,-0.404816759,0.486691615,0.008719,0.318650225,-0.299477275,0.276247593,-0.338384926,0.524101347,-0.395808743,0.608878537
19940901,0.05075964,0.173406646,0.147367847,-0.006934712,0.008719,0.157246303,0.124017108,-0.068124552,0.007490122,0.034219855,-0.008037205,0.07962977
19941001,-0.209376151,0.038891704,-0.002298847,0.009885904,0.008719,0.028251741,0.003989465,0.020944241,-0.014199637,0.033685652,-0.018063147,0.027638035
19941101,0.028550484,0.019204127,-0.032660917,0.092660133,0.008719,0.023145565,-0.030053208,0.089321672,-0.023717651,0.021682342,-0.027545777,0.026954982
19941201,-0.065554535,0.010548396,-0.00326143,-0.009143983,0.008719,0.011329616,-0.011792083,0.002263321,-0.009972573,0.001417542,-0.009918481,0.014375121
19950101,-0.131828842,-0.034582942,0.015578444,-0.055745451,0.008719,-0.027373629,0.014839984,-0.050222057,0.035797601,-0.046825744,0.025689002,-0.054137066
19950201,-0.025635046,-0.000629284,0.028025255,-0.034131923,0.008719,-0.003357482,0.026682252,-0.029873485,0.009934037,0.018477574,0.009806085,0.001563158
19950301,0.121853737,0.034073105,-0.058546876,0.113897359,0.008719,0.035145479,-0.045478008,0.091439525,-0.029490442,0.043233285,-0.025905456,0.058198513
19950401,-0.117091474,0.01450233,0.008670986,-0.005170196,0.008719,0.019894892,0.005683262,0.006330293,-0.007906047,-0.009751469,-0.00887713,-0.014123317
19950501,0.15127026,0.090739285,-0.11196654,0.157741753,0.008719,0.090042029,-0.089902761,0.129046674,-0.070631934,0.10232602,-0.060210442,0.098461484
19950601,-0.090082862,-0.026686026,0.028960926,-0.060316699,0.008719,-0.029395194,0.010171818,-0.056041874,0.017053778,-0.009398571,0.014557533,-0.010022238
19950701,0.059653912,-0.005305571,0.036482943,-0.025338225,0.008719,-0.010380819,0.033181364,-0.021276471,0.074198778,0.032370575,0.066652965,0.008364901
19950801,0.048676408,-0.036938979,0.137720648,-0.101164629,0.008719,-0.036950525,0.129202719,-0.101263883,0.013221643,0.032354226,0.002894503,-0.005898435
19950901,-0.010066321,-0.012009478,0.077972892,0.051042513,0.008719,-0.014998943,0.075562016,0.019013371,0.029775456,0.052458262,-0.00212674,0.018726793
19951001,0.005800018,0.005088647,0.056247439,0.042145674,0.008719,0.000872243,0.042998788,0.027764429,0.027609804,0.039283943,0.014917272,0.01251389
19951101,-0.087035426,0.009634592,-0.081959597,-0.090105366,0.008719,0.016399134,-0.061808318,-0.079363369,-0.046621061,-0.030134657,-0.023393335,0.001412659
19951201,-0.119050503,-0.009106588,0.014173599,-0.015879965,0.008719,-0.007294,0.019711496,-0.006628851,-0.030284532,-0.006840184,-0.035256256,0.001336436
19960101,-0.044621569,0.003543677,0.084139371,0.063776309,0.008719,0.001017666,0.072575671,0.050669658,0.029707912,0.035323404,0.011317849,0.006932165
19960201,0.020892522,-0.012137724,-0.029700349,-0.019326434,0.008719,-0.010119992,-0.034883112,-0.020719719,0.012917363,-0.010123057,0.019143202,-0.008320568
19960301,-0.006803541,0.003049735,0.002756475,0.029573661,0.008719,0.001922433,-0.003666857,0.018188066,0.025556364,0.010486407,0.012590144,0.001424589
19960401,0.305608571,0.035666359,0.067883457,-0.066153312,0.008719,0.023315016,0.080165124,-0.02444024,-0.161650401,0.003292113,-0.15081731,0.042930283
19960501,-0.040935333,-0.09128146,0.055703169,0.06984494,0.007346,-0.072709374,0.045070271,0.045435441,0.01052715,0.036177946,-0.017009842,-0.00238258
19960601,0.208600005,-0.126517865,0.073689645,0.110687592,0.007346,-0.092072,0.064132452,0.113193429,0.136294571,0.118739568,-0.013176516,0.068242504
19960701,0.184270819,0.036287365,0.254207464,0.158143385,0.007346,-0.002478326,0.301670941,0.198085914,-0.019863377,0.01156818,-0.006303088,0.040101875
19960801,0.003008499,-0.075924043,0.028714859,0.066206214,0.006022,-0.055217345,0.034542281,0.04123541,0.033207079,-0.033903496,0.067117905,-0.044671776
19960901,0.044754357,0.000662408,0.022344236,0.003859157,0.006022,0.007107439,0.046236471,0.013703932,-0.097250524,0.012669089,-0.039416621,-0.015192441
19961001,0.274764553,0.142345569,0.327177463,0.021110645,0.006022,0.110357488,0.342557197,0.08420872,-0.226292749,0.163837359,-0.231600745,0.200198164
19961101,0.086346601,0.042957359,0.072552833,0.026845061,0.006022,0.033124654,0.072193854,0.058221525,0.002176037,0.007933665,-0.01034311,0.024137696
19961201,-0.212681795,-0.085783511,-0.113539003,-0.080229114,0.006022,-0.065494843,-0.115551402,-0.1178673,0.139289955,-0.063749964,0.116520482,-0.070090155
19970101,0.093638266,0.038246936,0.058240694,0.05369738,0.006022,0.026564475,0.055041238,0.057100892,-0.038735823,0.005651305,-0.026369888,0.010947144
19970201,0.067342704,0.03346191,-0.031456414,-0.09928252,0.006022,0.029147846,-0.036391388,-0.107208849,-0.042968626,0.016140267,-0.068919584,0.039649018
19970301,0.191756105,0.024060648,-0.037928596,0.002626699,0.006022,0.035705996,-0.054750833,-0.025021003,0.057518783,-0.094089343,0.013287393,-0.074100731
19970401,0.110803336,-0.079280859,-0.045854307,0.042312499,0.006022,-0.041657988,-0.054651096,0.014254056,0.114777425,-0.151464359,0.060684744,-0.111127223
19970501,-0.086131224,-0.049294883,0.038342855,0.057764832,0.006022,-0.022313891,0.034017943,0.03195558,0.094483621,-0.045349786,0.044964854,-0.011157854
19970601,0.00886048,-0.023474548,0.009775773,0.111309071,0.006022,-0.003440769,0.005761603,0.084506223,0.055516631,-0.075720861,0.026990551,-0.031960129
19970701,-0.089252549,0.049451911,0.037456072,-0.081689424,0.006022,0.038302661,0.022835764,-0.072735616,-0.032424004,-0.002304067,-0.028429465,0.018692142
19970801,-0.002554936,0.019627271,0.100792365,-0.142124539,0.006022,0.005977271,0.08646474,-0.112681324,-0.1055561,0.0735812,-0.080908777,0.045551682
19970901,-0.133943243,0.036845342,-0.031352418,-0.016723171,0.006022,0.054365753,-0.026483015,-0.039888786,0.015592336,-0.00520216,-0.020527737,0.04483968
19971001,0.120344291,-0.044937582,-0.039035017,0.025546939,0.004606,-0.036469227,-0.038197764,0.001693341,0.035228903,-0.002125443,0.026476107,-0.023197839
19971101,-0.054623749,0.033137626,-0.020126349,0.02876906,0.004606,0.039585533,-0.010859119,0.027758987,0.021334476,-0.011683101,0.005303491,0.010465663
19971201,0.042398146,0.042219683,-0.048750629,0.061964305,0.004606,0.045442353,-0.049265748,0.029493675,0.047480708,-0.066518227,0.02555225,-0.011047428
19980101,0.025720115,0.033166977,-0.002646086,0.01966133,0.004606,0.024122988,-0.005637028,0.011964157,0.008039467,-0.003508435,-0.001159471,0.010781933
19980201,-0.020782519,0.0238974,0.044383039,-0.076734829,0.004606,0.018457842,0.044978814,-0.047492885,-0.079609089,0.038236283,-0.061272082,0.017573305
19980301,0.026244676,0.049067793,0.009651755,0.009506575,0.004249,0.057304206,0.016624402,0.025359318,-0.032576502,0.058222611,-0.053196314,0.080534209
19980401,0.085051538,0.062438847,-0.002843374,0.003195332,0.004249,0.044657589,0.010673547,0.020215996,-0.005767427,0.016208713,0.013366785,0.01603876
19980501,0.06321903,0.073177916,0.036358878,-0.027410073,0.004249,0.048386993,0.037326822,-0.038600015,-0.085004902,0.048651175,-0.071000613,0.039593724
19980601,-0.078245298,0.01069887,-0.029595524,0.051640253,0.004249,0.002704016,-0.034406876,0.03292255,0.012764581,0.004373992,0.050489957,-0.011536728
19980701,-0.01294068,0.030517457,0.022185396,0.009865523,0.003891,0.0335438,0.013436457,0.012347387,-0.019118299,0.025876899,-0.033241413,0.048814595
19980801,-0.12962574,0.026739998,-0.008487404,0.077700711,0.003891,0.026965031,-0.000325395,0.073653182,-0.030909847,0.015028917,-0.032033954,0.032858234
19980901,0.072836645,0.088014367,0.00574375,-0.005210828,0.003891,0.084253702,-0.00898617,-0.021911369,-0.054584435,0.043629207,-0.037458091,0.025206579
19981001,-0.014168281,0.047212103,-0.04512125,0.034317729,0.003891,0.042638394,-0.046063185,0.018904911,-0.00711954,-0.005544161,-0.003007143,-0.014132071
19981101,0.012496753,-0.017620339,-0.026495592,-0.031749191,0.003891,-0.017963214,-0.015628857,-0.028755107,0.034227333,-0.022684427,0.02363295,-0.012745754
19981201,-0.090813317,-0.027001964,-0.004753416,-0.033285118,0.003097,-0.026103291,0.000161461,-0.04010935,0.029957287,-0.015985185,0.028982531,-0.020838897
19990101,-0.007500713,0.01493358,0.0077615,0.012451482,0.003097,0.01062027,0.008258778,0.021376909,-0.01335711,-0.012439156,-0.011972223,-0.004729268
19990201,-0.044761525,0.009467651,-0.002702581,0.020747985,0.003097,0.013673734,0.000176311,0.022896005,0.007662031,0.000581988,0.006513238,0.003807248
19990301,0.064805384,0.067325296,0.05937558,-0.010724352,0.003097,0.065804654,0.05227736,-0.026191716,-0.091756304,0.07028158,-0.094460856,0.074823474
19990401,-0.040707831,-0.007288607,0.030373793,-0.004299354,0.003097,-0.012243068,0.029518007,-0.005837926,-0.007140463,-0.000475103,-0.005780992,-0.010386589
19990501,0.103135545,-0.023705048,-0.061986244,0.024805746,0.003097,-0.014674698,-0.048446557,0.042371954,0.020638938,-0.03883157,0.012415764,-0.055394304
19990601,0.362729211,-0.096532573,-0.007712719,0.050798266,0.001856,-0.075538131,0.002632147,0.026565577,0.01345091,0.025289924,0.029118736,0.030042026
19990701,-0.068912034,0.031336064,0.002188735,-0.006535932,0.001856,0.03295715,-0.000872922,-0.022419704,-0.010880247,0.030426532,-0.023508624,0.039230945
19990801,0.006499223,0.07164755,0.042112544,-0.05323931,0.001856,0.062029089,0.037570169,-0.041733695,-0.059977676,0.067677078,-0.057879922,0.058236628
19990901,-0.031113805,0.005292674,-0.015493928,-0.020392605,0.001856,0.006254647,-0.01618417,-0.02709106,0.002594674,-0.011613772,0.003957469,-0.011281711
19991001,-0.052886962,0.02717074,-0.005727154,-0.0224468,0.001856,0.023524072,-0.007368374,-0.016848919,-0.014483217,0.006305914,-0.009488077,0.007452052
19991101,-0.044541732,0.033371138,0.004313834,-0.024825699,0.001856,0.031788632,0.003118005,-0.025987673,-0.021876094,0.012357546,-0.023065407,0.009677494
19991201,-0.048543674,-0.017469353,-0.050474704,0.035948878,0.001856,-0.012286987,-0.039251233,0.034773641,0.037945934,-0.031364328,0.03449625,-0.016113726
20000101,0.170362874,-0.03341066,-0.087563337,0.212967214,0.001856,-0.035366569,-0.067505069,0.182245262,0.0197059,-0.034713648,0.036150134,-0.040682664
20000201,0.12629466,0.030150103,-0.00041817,0.022255556,0.001856,0.030336046,-0.0032475,0.011038541,-0.017309538,0.041164232,-0.029535269,0.018255541
20000301,0.052172507,0.086194409,0.03761925,-0.113611081,0.001856,0.083949383,0.023685832,-0.128430055,-0.073698703,0.05110915,-0.077955356,0.091255329
20000401,0.010843887,-0.006829104,-0.000645082,-0.044750498,0.001856,-0.002416879,0.007651859,-0.040083249,-0.008343064,-0.010504067,0.002727635,-0.006585163
20000501,0.025402004,0.017878277,0.025826598,-0.008286892,0.001856,0.01552147,0.024890681,0.000717815,-0.020856063,0.003695604,-0.015893562,-0.00562273
20000601,0.022140958,-0.021282413,0.025440472,-0.062484936,0.001856,-0.028597151,0.016183099,-0.055360831,0.017904054,0.003079999,0.029217926,-0.011694724
20000701,0.043316225,0.035769458,0.026361997,-0.013161342,0.001856,0.036007703,0.029048725,-0.035703285,-0.019981798,0.046581563,-0.038531725,0.057131877
20000801,-0.006947659,0.04760426,-0.004633101,0.00357337,0.001856,0.045167376,-0.007708545,-0.011431148,-0.036540382,0.014564416,-0.052779892,0.036785814
20000901,-0.049616604,0.026235123,-0.037813045,0.04149791,0.001856,0.025403343,-0.038047711,0.041186159,-0.014278387,0.01466658,-0.022108464,0.026826563
20001001,0.020008325,0.035575372,0.032398861,-0.025399159,0.001856,0.034107745,0.029753776,-0.029587689,-0.020490099,0.020755822,-0.017826451,0.019500062
20001101,0.054450518,0.008276539,0.009167382,-0.021408597,0.001856,0.008886504,0.014225458,-0.025305479,0.00769136,0.006315928,0.005583559,0.006150454
20001201,-0.00547003,0.006879832,0.007345375,-0.011673761,0.001856,0.007621001,0.004491567,-0.023547019,0.018361905,-0.007473686,0.0207712,-0.010415936
20010101,-0.011372325,-0.006089436,0.041194383,-0.000564049,0.001856,-0.011565739,0.038192693,-0.008684663,0.005139801,0.002863937,0.008295839,-0.004010557
20010201,-0.061454889,-0.014036415,0.032293224,0.025621981,0.001856,-0.016120262,0.033588125,0.024324313,0.027719238,-0.007469713,0.035127187,-0.016730753
20010301,0.073545912,0.034005971,0.009847314,-0.010059865,0.001856,0.03273896,0.007177468,0.000436996,-0.021273051,0.002187976,-0.023610291,0.011155135
20010401,-0.008835657,0.030391589,-0.034351861,0.002043877,0.001856,0.030580131,-0.031626437,0.001956771,-0.023722792,0.017204991,-0.03363202,0.023003703
20010501,0.030724282,0.064137392,-0.004393979,0.024679147,0.001856,0.06269139,-0.005395116,0.023254007,-0.036777401,0.023097123,-0.044068029,0.029202036
20010601,-0.002168058,0.008391801,0.020561934,-0.014108797,0.001856,0.001565495,0.012036172,-0.019845363,-0.004975497,0.01089855,0.003604908,0.00238582
20010701,-0.133306911,-0.003183685,-0.008800424,0.030438598,0.001856,-0.001819613,-0.00689416,0.015836258,0.005381327,0.002626035,-0.002413351,0.006008185
20010801,-0.036158841,0.015841836,-0.00274247,0.025095959,0.001856,0.019565005,-0.006651206,0.016738158,0.003755397,0.004201294,-0.006478867,0.013548947
20010901,-0.057503179,-0.024708766,0.021009291,-0.027664129,0.001856,-0.029693634,0.007935578,-0.034656453,0.01078565,-0.007752724,0.026888858,-0.028678996
20011001,-0.051907186,-0.008843763,0.028075474,-0.012145445,0.001856,-0.00231569,0.027786051,-0.008145689,-0.013834816,0.018714383,-0.010513759,0.015362672
20011101,0.038242665,0.025630297,0.007276189,-0.052119347,0.001856,0.019106506,0.006861653,-0.054158494,-0.014494227,0.008513526,-0.014103188,0.0097736
20011201,-0.064428451,-0.020278538,0.014100618,0.022754292,0.001856,-0.014615631,0.013758515,0.010626122,0.05752878,-0.033145481,0.049553255,-0.038178479
20020101,-0.109302284,-0.034324203,-0.000325934,0.045551348,0.001856,-0.026277099,0.004329553,0.052164155,0.045992103,-0.032564789,0.047833061,-0.033496134
20020201,0.027364232,0.014059212,0.002573717,-0.051227233,0.001635,0.008529023,-0.009532195,-0.059525776,-0.021414954,0.014874197,-0.027458821,0.024019793
20020301,0.065386399,0.025964367,-0.002572513,-0.045959805,0.001635,0.020458893,-0.003040404,-0.048529752,-0.025936901,0.019795428,-0.020971654,0.015313183
20020401,0.039330757,0.03374156,0.029560757,-0.021658664,0.001635,0.032370411,0.027244973,-0.020421299,-0.029138352,0.031685576,-0.029097483,0.026574647
20020501,-0.085001818,0.000865241,-0.013841976,0.003702122,0.001635,0.002932853,-0.010007097,0.000947267,-0.012548416,0.004929488,-0.014214734,0.008538165
20020601,0.124482778,-0.034022027,0.050025139,-0.018760095,0.001635,-0.031096135,0.04727862,-0.022250528,0.010329431,0.015748416,0.015502466,-0.000965425
20020701,-0.042629433,0.010931791,-0.00859298,-0.002138055,0.001635,0.009124786,-0.007417599,-0.001178684,0.004716014,-0.011682259,0.002581534,-0.008738426
20020801,0.003797349,0.006929636,-0.001441883,0.000463178,0.001635,0.008837673,-0.002918596,-0.003627217,0.009711402,-0.000111041,0.011058134,-0.003444742
20020901,-0.057087772,-0.006807488,-0.007135529,0.025828489,0.001635,-0.003030916,-0.005076409,0.025359654,0.022409053,-0.019590332,0.019645421,-0.016161756
20021001,-0.051335801,-0.013650158,-0.002369261,0.009267735,0.001635,-0.01168955,-0.001909973,0.0082749,0.004291453,-0.004335512,0.004301576,0.000650548
20021101,-0.065027445,-0.030180295,-0.001738882,0.028631646,0.001635,-0.020941908,0.003101921,0.033273715,0.028842667,-0.029863673,0.027080458,-0.017123612
20021201,-0.048839635,0.002924046,-0.017561896,0.017093276,0.001635,0.007379651,-0.018040184,0.005370532,0.024088792,-0.011217186,0.010867153,0.002671819
20030101,0.089434827,0.019015682,0.021710816,-0.049018916,0.001635,0.016349206,0.011711621,-0.055815408,-0.034324239,0.027083829,-0.027144239,0.021779614
20030201,0.01007558,0.008996658,0.001349936,-0.000891087,0.001635,0.007492527,0.001752122,-0.002408846,-0.003064765,0.004117187,-0.00241426,-0.000169115
20030301,-0.01780629,-0.016393764,0.017930022,0.043400133,0.001635,-0.011236859,0.018137494,0.036233405,0.025847329,-0.015210948,0.018896666,-0.009194725
20030401,-0.018864144,-0.037772364,0.046976834,0.08410334,0.001635,-0.035210297,0.042993949,0.078938898,0.054186145,-0.036473341,0.064919342,-0.032463683
20030501,0.045689606,-0.01296294,0.005028063,-0.009985885,0.001635,-0.01138893,0.007045021,-0.008808468,-0.007797623,0.004154809,-0.006697553,-0.00137775
20030601,-0.067247673,-0.003739009,-0.002951338,0.011631169,0.001635,0.002633134,-0.005187594,-0.000254993,0.008561672,-0.007807746,0.001782467,0.000843649
20030701,-0.011990128,-0.042718141,0.001270565,0.046799051,0.001635,-0.030994292,0.003168617,0.041204798,0.035196024,-0.022711315,0.025131919,-0.014916596
20030801,-0.0325589,0.011127911,-0.013532025,-0.034597728,0.001635,0.013432423,-0.013251383,-0.036019609,-0.013896146,0.000547564,-0.008276523,0.003534989
20030901,-0.043935752,-0.00760454,0.006575994,0.006570524,0.001635,-0.006359823,0.011226929,0.007209777,0.002151536,-0.003572415,-0.000746511,-0.002953212
20031001,-0.040743265,-0.053397419,0.038237654,0.083392498,0.001635,-0.042684902,0.041983876,0.082311863,0.078346483,-0.044112137,0.065131035,-0.035374366
20031101,0.022280008,-0.009765915,0.037353185,-0.022123689,0.001635,-0.015306544,0.027876739,-0.023510591,0.012779103,0.006461317,0.020710498,-0.013043284
20031201,0.021034962,-0.055053317,0.045507095,0.105475118,0.001635,-0.041256337,0.038285724,0.105354209,0.079572205,-0.046440263,0.06338831,-0.039819061
20040101,0.073668487,0.019752016,0.005115721,-0.072073701,0.001635,0.011064703,-0.008621571,-0.071381128,-0.025277163,0.016463965,-0.017842791,-0.000465756
20040201,0.073210141,0.030293334,-0.000118839,-0.072400581,0.001635,0.020008253,-0.010476789,-0.068724752,-0.046760608,0.026287581,-0.028565053,0.023682166
20040301,0.034894672,0.018349967,0.016039347,-0.009576651,0.001635,0.016124966,0.017582712,-0.015088467,0.00341099,-0.012465248,-0.00389382,-0.010118397
20040401,-0.103841058,0.016150535,0.033564858,0.057860183,0.001635,0.004351485,0.025308928,0.027508905,0.020125914,0.007984214,0.028515711,-0.014576942
20040501,-0.024177378,0.01987428,0.011773467,0.010554122,0.001635,0.018593415,0.005438944,-0.006155798,-0.010319918,-0.005270416,-0.014030752,-0.001022414
20040601,-0.11781212,-0.018215398,0.003232322,0.024987786,0.001635,-0.008494237,0.007907837,0.014574641,0.046115878,-0.017466145,0.03830861,-0.018196274
20040701,-0.002368139,-0.047252008,0.007277162,0.039570235,0.001635,-0.048711739,0.007985245,0.052148707,0.0361058,-0.018719509,0.04452619,-0.008333624
20040801,-0.046081492,-0.00069957,0.023232735,0.011853863,0.001635,0.008425601,0.023547717,-0.006843167,0.022014574,-0.005348009,0.008838419,-0.005604728
20040901,0.055470009,-0.021607261,-0.001861831,0.028200502,0.001635,-0.019844558,-0.002689533,0.024607233,0.039974609,-0.042232689,0.032837707,-0.027779144
20041001,-0.055285995,-0.035751565,-0.006068184,0.070172703,0.001856,-0.03636181,-0.000406289,0.075269727,0.042274982,-0.027231347,0.050921753,-0.038442808
20041101,0.022449002,0.040847569,-0.003169636,-0.076970194,0.001856,0.034597776,-0.008820545,-0.080682088,-0.051170427,0.011667852,-0.053090651,0.016434888
20041201,-0.070649653,-0.021369973,0.004791416,0.053291908,0.001856,-0.008975856,0.001835511,0.040000624,0.038979294,-0.027507977,0.023887762,-0.019895974
20050101,-0.059441081,-0.011125123,-0.003726174,0.008443056,0.001856,0.004704769,-0.008144525,-0.004183801,0.027380585,-0.013009866,0.004619634,0.004033128
20050201,0.093392464,0.012753471,0.009082149,-0.038231484,0.001856,-0.000164035,0.001088931,-0.02342206,-0.014275869,-0.0126543,-0.003886498,-0.006398272
20050301,-0.107158416,-0.025123379,0.00110529,0.085321834,0.001856,-0.009249288,-0.000694027,0.050788157,0.056547171,-0.030502335,0.037187285,-0.017991021
20050401,-0.038247142,-0.049412492,0.026097702,0.085696139,0.001856,-0.040696613,0.015101236,0.099577074,0.076353509,-0.021764929,0.059296489,-0.011180801
20050501,-0.071624266,0.039294185,-0.01408165,-0.112093678,0.001856,0.027458088,-0.001811616,-0.093554068,-0.067923664,0.037251192,-0.048699811,0.021423426
20050601,0.007557925,-0.017135799,0.000241218,0.0452856,0.001856,-0.001383004,0.008099467,0.031167775,0.038607404,-0.000028072,0.021250331,-0.01821133
20050701,-0.021646262,-0.083741227,-0.001992934,0.100661887,0.001856,-0.051807897,-0.006738038,0.078394088,0.085228151,-0.04821639,0.053629248,-0.038373565
20050801,0.088256271,0.111117962,-0.01303992,-0.153224248,0.001856,0.082915603,-0.012381801,-0.140376371,-0.108049169,0.05004205,-0.076172189,0.059913618
20050901,0.005055211,0.022392604,-0.017468322,-0.007208358,0.001856,0.009854514,-0.031516797,0.012302899,0.005518296,-0.011279694,0.006531561,-0.007735381
20051001,-0.055490089,-0.01576034,-0.010681784,0.042018179,0.001856,-0.014005675,-0.008719914,0.035601289,0.019448327,-0.016556986,0.022206545,-0.019265044
20051101,-0.005967713,0.035894151,0.013486205,-0.049206108,0.001856,0.033757078,0.012133145,-0.050056402,-0.029447597,0.011030296,-0.025794053,0.01204318
20051201,0.050333511,-0.055845229,0.014249437,0.037216304,0.001856,-0.048065774,0.007376433,0.033510148,0.041570139,-0.040634145,0.04348485,-0.034687153
20060101,0.094059585,-0.0243118,0.017890832,0.015463366,0.001856,-0.046886327,0.01400877,0.029059926,0.003786806,-0.032303802,0.028365111,-0.038618691
20060201,0.027767026,0.001217118,0.015528741,-0.0277723,0.001856,0.017863524,0.023384141,-0.061932677,0.004905377,-0.007315155,-0.021574905,0.021166911
20060301,0.018882999,-0.020187539,-0.00388034,0.091223711,0.001856,-0.027383045,-0.002227045,0.078609863,0.030613245,-0.036058363,0.054159545,-0.031087622
20060401,0.111597413,-0.047617275,-0.001760774,0.089520237,0.001856,-0.063776155,0.026007978,0.118525469,0.004622147,-0.011066904,0.049324459,-0.053114444
20060501,0.209750472,0.081507857,0.026935967,-0.090705414,0.001856,0.063509895,0.018699009,-0.122071267,-0.109722357,0.051170067,-0.085589833,0.058260441
20060601,0.04319958,0.031761653,0.011504104,-0.033875357,0.001856,0.021096527,0.025996182,-0.045164773,-0.022352171,0.044492685,-0.020784363,0.04126912
20060701,-0.056830078,0.058127912,-0.002919451,-0.005287413,0.001856,0.051993178,0.00202447,-0.019599649,-0.031236023,0.02494249,-0.033717657,0.040640572
20060801,0.030147268,-0.007378182,-0.006413585,0.017409506,0.002076,-0.011822103,-0.008335311,0.019774948,-0.000655349,-0.007985091,0.0004169,-0.001011563
20060901,0.039763511,0.02529122,-0.019467385,-0.006896949,0.002076,0.025277731,-0.026399119,-0.020222258,-0.02243544,0.014628167,-0.036050064,0.021870508
20061001,0.012598945,-0.019977484,0.012920512,-0.022386601,0.002076,-0.007614943,0.014009118,-0.00429958,0.04655449,-0.016397836,0.031415401,-0.019172512
20061101,0.108388587,-0.116265669,-0.010197309,0.054211342,0.002076,-0.070670771,-0.00581884,0.062643084,0.117087925,-0.080120959,0.076140122,-0.044050865
20061201,0.115284536,-0.094675107,0.010895051,0.077173415,0.002076,-0.049289208,0.002270755,0.066019478,0.083869079,-0.029946315,0.052865693,-0.022369193
20070101,0.207834738,0.057608567,-0.002530154,-0.063349234,0.002076,0.016098011,0.004352369,-0.029718652,-0.072868822,0.029077509,-0.028806286,0.038138831
20070201,0.127176968,0.09654365,0.077530568,-0.10443317,0.002076,0.061732955,0.073272134,-0.09088276,-0.127440939,0.104553613,-0.105968552,0.058547072
20070301,0.1242808,0.108685274,0.030173522,-0.056306451,0.002296,0.098442235,0.017794436,-0.06654249,-0.080182665,0.033743817,-0.083688588,0.069457723
20070401,0.315275049,0.052307008,0.101119856,0.102506149,0.002296,0.032634919,0.120551891,0.051242447,-0.114691981,0.045455444,-0.083210659,0.050961894
20070501,0.109696902,-0.029421254,-0.000713137,0.005678186,0.002515,0.007339325,-0.020477794,-0.00317377,0.03301154,-0.037220128,-0.008794321,0.019091545
20070601,-0.109027754,-0.112613611,-0.076029196,-0.006454284,0.002515,-0.077066564,-0.060877995,0.012179687,0.179337256,-0.070659186,0.147456762,-0.073309094
20070701,0.197901995,0.080856095,0.037349402,-0.022269906,0.002734,0.075892941,0.047616768,-0.081258696,-0.047078943,0.021901985,-0.044232722,0.017642806
20070801,0.135723323,-0.02384085,0.008735107,0.007463373,0.002952,-0.000777415,0.004678812,-0.033973354,0.022543011,-0.012512811,-0.010470998,0.014166915
20070901,0.050078975,-0.011810581,0.042499268,0.028716814,0.003169,-0.003781655,0.018756962,0.016717697,0.045085792,-0.008437858,0.026530766,-0.00948594
20071001,-0.05288482,-0.070804133,-0.061431588,0.078020784,0.003169,-0.02863602,-0.027530426,0.04175729,0.122501536,-0.088726346,0.07079068,-0.04016719
20071101,-0.142210281,0.098120062,0.035959046,-0.128893269,0.003169,0.076947561,0.004532656,-0.126284165,-0.098577123,0.074911347,-0.078896569,0.045405766
20071201,0.181226456,0.02362576,0.006387137,-0.024781847,0.003386,-0.000548854,-0.011129282,-0.00150944,-0.03520177,0.036200528,-0.004374434,0.009719337
20080101,-0.093652304,0.038260902,0.003232439,-0.022530087,0.003386,0.011595358,-7.06E-06,-0.037369908,-0.026229934,0.017921976,-0.01114089,0.003869212
20080201,0.045114996,0.077969187,0.04454619,-0.039158839,0.003386,0.055923008,0.045339695,-0.02217393,-0.045526733,0.047992531,-0.043204904,0.022770934
20080301,-0.200782249,0.021025191,-0.015730529,-0.01616481,0.003386,0.029350608,0.003252449,-0.0348268,-0.000109626,-0.016170755,-0.010846379,0.011746441
20080401,-0.02236899,-0.065463351,0.006079739,0.030803166,0.003386,-0.051805913,-0.002258743,0.04923345,0.051004329,-0.029936047,0.049662847,-0.024935248
20080501,-0.058909795,0.038862828,0.020126806,-0.017635891,0.003386,0.030097234,0.009618469,-0.034416509,-0.012865156,0.012855895,-0.02639161,0.012955888
20080601,-0.241360243,-0.015407199,-0.037614112,0.017505815,0.003386,-0.005702442,-0.023000368,0.008998721,0.015731929,-0.024212715,0.014331828,-0.010235773
20080701,0.044527042,0.081672915,0.005961863,-0.041937738,0.003386,0.056593921,0.012711297,-0.040940424,-0.040004457,0.042387486,-0.031233319,0.024949594
20080801,-0.218656255,-0.013545579,0.01728463,-0.025151401,0.003386,0.005250987,0.029209016,-0.025336918,0.019065699,-0.020659367,-0.007783936,0.008166512
20080901,-0.04249161,-0.071234985,0.04688006,-0.035291825,0.003386,-0.041907581,0.024767147,-0.032496817,0.020612803,-0.016799817,0.018486288,-0.024612005
20081001,-0.274331802,0.022323224,0.013091874,0.021070239,0.002952,0.02235812,0.01523461,0.00744851,-0.014357089,0.05168412,-0.01601253,0.040810194
20081101,0.165241501,0.044567774,0.000292423,-0.038410102,0.002076,0.03134362,-0.001483342,-0.066469216,-0.020089,-0.024083235,-0.022719394,-0.009764602
20081201,0.005643732,0.07235989,-0.058976029,0.00040353,0.001856,0.040831103,-0.074723611,-0.025503936,-0.04630574,0.013116292,0.000235926,-0.000294801
20090101,0.130219653,0.027051232,0.004848963,-0.142251022,0.001856,-0.010132592,0.000130431,-0.076194937,-0.031878909,-0.023953556,0.009079064,-0.028182711
20090201,0.061095644,0.028254401,0.017955173,-0.045256221,0.001856,0.009757142,0.022972511,-0.07642151,-0.045194532,0.041673605,-0.027414137,0.027866983
20090301,0.187635003,0.05217521,-0.01639017,-0.073736514,0.001856,0.031809232,-0.020955454,-0.079007644,-0.046037004,-0.021712243,-0.013535067,-0.013031959
20090401,0.059806211,0.014331332,-0.00168263,-0.005136637,0.001856,0.023112602,0.011956768,0.001104264,-0.006533371,0.003821445,-0.008348655,-0.002153226
20090501,0.049691897,0.03798769,-0.001856606,-0.02235742,0.001856,0.02755516,0.000751503,-0.032912626,-0.017630036,-0.008201492,-0.027141884,0.011661613
20090601,0.082614886,-0.024387387,-0.008056188,-0.014335983,0.001856,0.009699997,-0.002523428,-0.012310495,0.052320035,-0.020594129,-0.003311791,0.012189436
20090701,0.169555793,-0.035672218,0.084122007,-0.077293851,0.001856,-0.019839045,0.047485505,-0.052045575,-0.036888795,-0.0034486,0.014562049,-0.018630565
20090801,-0.1915674,0.039172197,-0.061528436,-0.073585712,0.001856,0.021512986,-0.041488434,-0.039845823,-0.004615305,0.018638927,0.000701421,0.012273052
20090901,0.039082791,-0.011296614,-0.018893032,0.018715832,0.001856,-0.003859576,-0.011857785,-0.002802537,0.040699327,-0.028879812,0.0190771,-0.01393487
20091001,0.100346366,0.027308847,0.01615753,0.066440345,0.001856,0.010540267,0.012996315,0.026402289,-0.025083259,0.033671814,-0.009830594,0.009070618
20091101,0.109303432,0.048207598,-0.00422387,-0.002719784,0.001856,0.019432742,0.009481783,-0.038818795,-0.01351522,0.049686753,-0.005188304,0.013607279
20091201,0.024465123,0.0179988,0.032925624,-0.053840869,0.001856,0.030554536,-0.000409439,-0.028254436,-0.016169776,0.012084953,-0.004933634,0.006054447
20100101,-0.077343947,0.062524449,-0.041583916,-0.061167426,0.001856,0.022223777,-0.020697649,-0.031278243,-0.022553065,0.038531411,-0.015475495,0.018738965
20100201,0.037450669,0.037840643,0.007828525,0.03073417,0.001856,0.021249818,0.010634151,0.005928936,-0.034178768,0.034303587,-0.025834877,0.021203262
20100301,0.013773378,0.033623698,-0.00008108,-0.003885948,0.001856,0.032134291,0.0026056,-0.009805459,-0.006856865,0.017282981,-0.014105529,0.018479505
20100401,-0.079242228,0.007580053,-0.042527322,0.05526712,0.001856,-0.005938564,-0.039715198,0.00778744,0.012136124,0.006780399,0.030660801,0.004060302
20100501,-0.089008375,0.004503362,-0.051872486,0.062624693,0.001856,0.002374437,-0.03857198,0.05649013,0.0345909,-0.006740897,0.016277487,-0.011627642
20100601,-0.092482431,-0.00966492,-0.006916041,-0.028648327,0.001856,0.002770901,-0.004522017,-0.018705555,-0.000859063,-0.007956254,0.006266763,0.003572192
20100701,0.144607793,0.023376162,0.006378089,-0.032952017,0.001856,0.020446992,0.020324955,-0.04915276,-0.01232123,0.006718259,-0.005941703,0.000817229
20100801,0.055639933,0.046026811,-0.063053853,0.096158031,0.001856,0.022588811,-0.038916467,0.057336004,-0.023594629,0.005961112,-0.013067061,0.020513632
20100901,0.024459788,-0.015748535,-0.030750995,0.040476413,0.001856,-0.012321148,-0.019441096,0.014490881,-0.011032855,-0.010626714,-0.012734504,0.000961104
20101001,0.117963342,-0.042331074,0.005813051,-0.06766916,0.00206,-0.030849774,0.01825142,-0.037717716,0.008170361,-0.029759988,0.012355507,-0.027911237
20101101,-0.038305737,0.057811573,-0.045457354,0.072613982,0.00206,0.034421492,-0.026608182,0.054405353,0.01063543,-0.002604339,-0.002476258,0.021900404
20101201,-0.010766096,-0.002867847,0.015933473,-0.025305266,0.002263,0.010943183,0.002618673,-0.005078135,0.019988335,-0.025712978,0.007047854,-0.022160218
20110101,-0.025178067,-0.018451459,0.058762888,-0.095805495,0.002263,-0.000875,0.043891773,-0.057943323,-0.004612106,0.005452488,-0.015511425,0.012791824
20110201,0.061241997,0.042174704,-0.025169813,0.040560536,0.002466,0.013093708,0.002196116,0.016079321,-0.055585906,0.03735598,-0.034250331,0.01517361
20110301,-0.005185615,0.015812416,0.028172638,-0.036012585,0.002466,0.018591813,0.022506592,-0.05388357,0.00343852,0.005499749,-0.031174678,0.019520057
20110401,-0.022112529,-0.006863472,0.012105047,-0.046499016,0.002669,-0.001398065,0.017888155,-0.027493974,0.015038556,-0.005785707,-0.011109891,0.012431285
20110501,-0.06978379,-0.001133876,-0.007241954,0.001923932,0.002669,0.009799047,0.001089134,-0.007914032,0.019331593,-0.016770533,0.009571412,-0.008978489
20110601,0.029961039,0.008515149,-0.011989549,0.054817895,0.002669,0.015269704,-0.006524647,0.038754588,-0.008481688,-0.00303029,-0.011886773,-0.001739881
20110701,-0.008060514,0.017849687,-0.054568716,0.012621739,0.002871,0.014329929,-0.047171666,0.003996868,-0.011845318,-0.006601738,-0.009224781,-0.000276492
20110801,-0.053821563,0.021453126,-0.029097022,0.003803348,0.002871,0.020010285,-0.01714151,-0.019696157,0.005956423,-0.02834389,0.003772456,-0.010397779
20110901,-0.097643875,-0.016924476,0.034519302,-0.027388176,0.002871,0.003416548,0.013747903,-0.034011071,0.026454601,0.011049572,-0.005853915,0.016852194
20111001,0.028395086,0.012315703,-0.003224801,-0.016555382,0.002871,0.008427336,-0.004089754,-0.013377329,-0.008002591,0.002026154,0.004488428,-0.006723516
20111101,-0.053769932,0.011165641,-0.03155729,-0.001973057,0.002871,0.010950199,-0.029481768,-0.018857913,-0.003430526,0.011379852,-0.011496296,0.010679647
20111201,-0.095586616,-0.067450137,0.053792568,0.072520037,0.002871,-0.02403239,0.028036379,-0.01360412,0.10783245,-0.057521181,0.064065754,-0.049811638
20120101,0.025466431,-0.042083365,0.033987462,-0.035901609,0.002871,-0.027623495,0.022993743,-0.044609666,0.019251926,0.008384015,0.00504699,0.017730729
20120201,0.079007165,0.044090335,-0.03609041,-0.073905948,0.002871,0.01790075,-0.016431364,-0.044048442,-0.047744549,0.002721802,-0.016531679,-0.005760164
20120301,-0.076929278,0.00690879,-0.003884377,0.043200971,0.002871,0.008879211,-0.000935918,0.034123431,0.013828007,0.005244071,0.004473889,0.005654285
20120401,0.058555507,-0.003145186,0.017193383,-0.049216312,0.002871,-0.017614994,0.039279183,-0.051834253,-0.013562649,-0.016287517,0.008975281,0.006535144
20120501,0.002491337,0.015203585,-0.033243722,-0.007312679,0.002871,0.011169465,-0.018042789,0.015201417,-0.01114816,-0.018329719,0.005396459,-0.012035389
20120601,-0.065063871,0.007527343,-0.021777662,0.055941068,0.002669,0.019481057,-0.024937598,0.038489491,0.024953631,-0.019629217,-0.00150025,0.01142523
20120701,-0.062563104,-0.039405798,0.005698451,0.058039238,0.002466,-0.019190644,0.004512846,0.034836732,0.04106092,-0.03083873,0.024668865,-0.014634555
20120801,-0.02819893,0.072393719,-0.008451345,-0.034586643,0.002466,0.04678242,-0.023875049,-0.031547618,-0.052553198,0.043223993,-0.056707996,0.024500931
20120901,0.02745369,-0.03183115,-0.013356546,-0.008769383,0.002466,-0.013263047,-0.004983887,-0.019115666,0.035308549,-0.037860041,0.021788818,-0.0082748
20121001,-0.010726071,0.019951882,0.010054991,0.005602086,0.002466,0.008447476,0.009790842,-0.008278048,-0.009885841,0.005755656,-0.012635051,0.015951723
20121101,-0.076474239,-0.030049617,0.04770246,0.05164766,0.002466,-0.008894227,0.028897459,0.004986985,0.040075765,-0.005220107,0.01121549,0.00500284
20121201,0.137441207,0.019123314,-0.002959594,-0.042333207,0.002466,0.002313853,-0.006904635,-0.013228049,-0.012587162,-0.007213703,0.022661971,-0.017836036
20130101,0.036694046,0.035879872,-0.010988384,-0.036802086,0.002466,0.009837783,-0.017564676,-0.009165455,-0.049355479,0.026036944,-0.030009301,0.000719023
20130201,0.00763913,0.031887628,-0.020214941,0.026009877,0.002466,0.017330312,-0.014488437,0.012706382,-0.021147878,-0.000071986,-0.013600716,-0.006317516
20130301,-0.044633975,0.025334556,-0.024249156,0.052242059,0.002466,0.018267299,-0.024312578,0.040559232,-0.014295013,0.014208534,-0.024714371,0.015127335
20130401,-0.033265762,-0.000121157,-0.005234792,0.009225132,0.002466,0.000502445,-0.005117909,0.021266944,-0.005857377,-0.014085392,0.002109599,-0.00278433
20130501,0.084659006,0.070948949,-0.033685182,0.023818497,0.002466,0.035134209,-0.033661587,0.0208032,-0.061911628,0.006337279,-0.034720576,-0.000732221
20130601,-0.146490139,-0.001621207,-0.018742588,0.062657938,0.002466,0.014406526,-0.011099286,0.047757116,0.027373556,-0.016593002,-0.006225656,0.003691603
20130701,0.04009571,0.038357926,0.000578604,0.055748763,0.002466,0.035016641,-0.013532745,0.040591325,-0.021917885,0.022347824,-0.035270132,0.018761014
20130801,0.055519241,0.033124294,0.015841168,-0.061634914,0.002466,-0.000514505,0.037421802,-0.064853355,-0.057204652,0.032363619,-0.02239558,0.018032705
20130901,0.042476073,0.009806694,0.002346615,0.07830659,0.002466,0.009481906,-0.000510683,0.036446124,-0.025872001,0.019027274,-0.013700722,0.003890123
20131001,-0.027871841,0.0093418,0.031745843,-0.065106225,0.002466,0.011742622,0.025220229,-0.04176072,0.005969941,0.0093558,-0.005741691,0.010652713
20131101,0.050059035,0.052745477,-0.011581122,0.03703707,0.002466,0.055606062,-0.000850103,0.039657664,-0.034933044,0.0117309,-0.043766803,0.009044096
20131201,-0.042644229,0.007740806,0.012574611,0.008828104,0.002466,0.006788762,0.018198623,0.00015845,0.013311501,-0.013139814,0.012533234,-0.003777754
20140101,-0.018291221,0.071132035,-0.019566683,0.098793354,0.002466,0.058001089,-0.019912484,0.135379347,-0.041083583,0.005319951,-0.046103282,-0.001153574
20140201,0.014719878,0.029810213,0.014239261,-0.031942978,0.002466,0.02193217,0.011870911,-0.01279469,-0.024763042,0.032729005,-0.034649785,0.025752887
20140301,-0.027787932,-0.006173739,0.028938589,-0.084219392,0.002466,-0.007897848,0.028008595,-0.082311865,0.003499915,0.019621573,-0.00040252,0.015841034
20140401,-0.014816316,0.00644726,0.004204595,-0.018597221,0.002466,0.019303281,0.004225199,0.001384205,0.012214199,-0.006686691,-0.000957667,0.001426304
20140501,0.012642708,0.023164635,-0.001558896,0.014203851,0.002466,0.023893215,-0.009216287,0.02086572,-0.028857891,0.010769325,-0.028958224,0.007424446
20140601,0.025828329,0.034045008,-0.004189283,0.022257444,0.002466,0.039510684,-0.008424073,0.028161966,-0.023002929,0.018723216,-0.03475484,0.020560506
20140701,0.074750871,0.00259662,0.051589002,-0.064336808,0.002466,-0.005048176,0.056400956,-0.065253527,-0.010261073,0.023859169,0.003322949,0.013392053
20140801,0.027870211,0.045464433,-0.021344946,0.026740834,0.002466,0.035770893,-0.021202689,0.015618409,-0.045681155,0.010802391,-0.03852271,0.011477236
20140901,0.08967552,0.086864605,-0.000594412,0.028723987,0.002466,0.063904858,0.015266742,0.01016594,-0.093003998,0.046210441,-0.044934051,0.038043035
20141001,0.012604684,0.000107585,0.015819276,-0.008341009,0.002466,-0.003164451,0.019138742,-0.017888145,-0.003296444,0.013475167,0.009244672,0.005973176
20141101,0.056411574,0.003373229,0.043403547,-0.025132358,0.002263,0.008503212,0.041645619,-0.013702734,-0.000165522,0.010759251,-0.000768566,0.014744367
20141201,0.093338732,-0.159639655,0.157275205,-0.076981516,0.002263,-0.092598029,0.117145613,-0.077093547,0.153781228,0.006124348,0.088978393,-0.007924837
20150101,0.039439879,0.023626844,-0.070215279,-0.103226724,0.002263,0.017599187,-0.067218044,-0.056699652,-0.019206593,-0.038032287,-0.013225024,-0.021735982
20150201,0.050331588,0.027133464,-0.040387514,-0.026825412,0.002263,0.014938759,-0.035156778,-0.014423958,-0.02668289,-0.016955149,-0.014190967,-0.007429411
20150301,0.171430846,0.081848064,-0.027205835,0.016697435,0.00206,0.042049881,-0.017004255,-0.004105819,-0.073827612,0.002841546,-0.038851046,-0.00439069
20150401,0.199301175,0.00592351,0.063780766,0.09834308,0.00206,0.025028934,0.034437502,-0.011338982,-0.041991952,0.093103487,-0.032746243,0.03705406
20150501,0.11338862,0.167927266,-0.179506241,-0.04667354,0.001856,0.12059345,-0.13366247,-0.061153245,-0.153320382,0.009931539,-0.115677272,0.035992928
20150601,-0.090464585,-0.030230144,0.105407386,-0.122696502,0.001652,-0.019502092,0.087234453,-0.148989524,0.032433401,0.015128015,0.029670505,0.010611875
20150701,-0.161064496,-0.056042677,-0.013125125,-0.057524615,0.001652,-0.028843749,-0.0240352,-0.034553508,0.071940729,-0.009221511,0.05377942,-0.0322294
20150801,-0.142842101,0.007374854,0.022063437,-0.046296489,0.001447,0.019614871,0.025073107,-0.078700184,-0.022953636,0.033252691,-0.011759958,0.046972153
20150901,-0.064157251,0.033782524,-0.048677982,-0.059790481,0.001447,0.028789244,-0.055861221,-0.065281597,0.032994588,-0.038955941,0.000722718,-0.03255761
20151001,0.161175589,0.08352188,-0.058836331,-0.038498047,0.001241,0.048004043,-0.053111765,-0.052941657,-0.094268493,-0.031302185,-0.064298871,0.003342377
20151101,0.027667957,0.114299284,-0.028113771,-0.020045289,0.001241,0.087342423,-0.030968244,-0.033338444,-0.042125646,-0.03119008,-0.053188105,-0.003186035
20151201,0.04115032,0.063950506,-0.005047736,-0.052198468,0.001241,0.066311098,-0.002023564,-0.056994137,-0.00089663,-0.008662156,-0.031110974,0.024971499
20160101,-0.265316866,-0.045672187,0.035226316,-0.098911632,0.001241,-0.013226229,0.022253143,-0.059253638,0.080315015,0.027188496,0.026891374,-0.00540943
20160201,-0.020939765,0.002675445,0.020156543,-0.024382347,0.001241,0.003000625,0.025345565,-0.024743863,-0.002854422,0.012946969,-0.007867598,0.018516192
20160301,0.14412448,0.061842722,-0.030298935,-0.027433318,0.001241,0.04578558,-0.0254643,-0.02862139,-0.045306565,-0.046467322,-0.028606295,-0.021992503
20160401,-0.022269671,0.02852938,0.016570268,0.008151567,0.001241,0.034478497,0.014111776,-0.000262953,0.007127139,0.008772516,-0.011748434,0.019768458
20160501,-0.011214514,-0.021148455,-0.018316412,-0.003660619,0.001241,-0.013708735,-0.01880929,-0.019747172,0.018514922,-0.016195914,0.01474318,-0.023072125
20160601,0.029176152,0.039252556,-0.029862932,0.023763437,0.001241,0.031581488,-0.0322419,0.016497057,-0.025306633,-0.016436861,-0.020564826,-0.012810231
20160701,0.017227847,-0.022937231,0.058902577,-0.040196743,0.001241,-0.010146382,0.062268464,-0.064244877,0.030645782,0.007234568,0.020373995,0.023962961
20160801,0.034398554,0.032703318,0.013847919,-0.025688806,0.001241,0.02844352,0.016240908,-0.011338418,-0.00502701,0.003798976,-0.008900832,0.008554228
20160901,-0.020996554,0.036897688,0.012865577,-0.001160861,0.001241,0.036086834,0.017670956,-0.003735093,-0.002590507,-0.0012869,-0.013199911,0.015526902
20161001,0.032252196,0.018628198,0.01684593,-0.00590792,0.001241,0.019636175,0.008505032,0.010037174,-0.015821386,0.0135594,-0.019335429,0.016050452
20161101,0.037363838,0.004472996,0.035216709,-0.014088048,0.001241,0.015954582,0.019924914,-0.012496174,0.006453539,0.020338128,-0.009194189,0.024324958
20161201,-0.045324795,0.027226399,0.035603506,0.016481284,0.001241,0.028644185,0.039895346,0.020543713,0.009524925,0.046046244,-0.012131266,0.042728571
20170101,0.005439767,-0.033668896,0.043061399,-0.006583053,0.001241,-0.020292046,0.03807359,0.002082556,0.02239015,0.042441954,0.001824124,0.021933638
20170201,0.029296415,0.011719006,0.004458201,-0.004700455,0.001241,0.005441343,0.008933892,-0.002129318,-0.017316226,-0.015558923,-0.00510806,0.005411261
20170301,-0.005990434,-0.025361395,0.006929065,0.042898173,0.001241,-0.013107138,0.013656231,0.022168162,0.045459381,-0.030922807,0.033062651,-0.020388633
20170401,-0.02484349,-0.052536065,0.033813175,0.050020654,0.001241,-0.034214744,0.033501252,0.022389407,0.067124226,-0.030877797,0.051248795,-0.027139658
20170501,-0.038092118,-0.05082008,0.021525561,0.056939294,0.001241,-0.017143248,0.019620308,0.009563966,0.069890625,-0.004530879,0.027566965,-0.009930925
20170601,0.048007362,-0.019849963,-0.00416448,0.002219519,0.001241,-0.015155581,0.008699079,0.002180743,-0.006374833,-0.026054804,0.008233413,0.001072002
20170701,0.018030434,-0.014353271,0.060074296,0.028958614,0.001241,-0.02273495,0.060841857,0.040941718,-0.01913736,0.04934466,0.008980556,0.037086568
20170801,0.018742372,0.004497389,-0.029293705,-0.042391444,0.001241,0.006150267,-0.022281664,-0.035465252,-0.018361979,0.003132981,-0.01706236,-0.002654102
20170901,0.015795088,-0.00602984,-0.026004036,-0.017761276,0.001241,-0.000626206,-0.020976391,-0.022126326,0.004883244,-0.026211386,-0.000471614,-0.022019786
20171001,0.015093393,-0.054263734,-0.009841566,0.067997144,0.001241,-0.01647766,-0.006044286,0.028570825,0.05605472,-0.059150229,0.032230287,-0.024679192
20171101,-0.03389608,-0.03365921,0.040895522,0.054935667,0.001241,-0.019223073,0.035843401,0.036296766,0.048769545,0.009536191,0.018703144,0.006482086
20171201,0.004575871,-0.029220692,-0.000198911,0.046058675,0.001241,-0.009393301,0.00826447,0.029616212,0.033816191,-0.02395331,0.017978763,-0.01019552
20180101,0.021350511,-0.055501538,0.059771584,0.069182735,0.001241,-0.02216051,0.043773915,0.028121731,0.082454002,0.003714253,0.039484099,-0.006671764
20180201,-0.047140627,-0.015374773,-0.025597815,0.017766767,0.001241,-0.019140691,-0.00938754,0.0369426,-0.010195166,-0.031283759,0.015859653,-0.032028911
20180301,-0.005750704,0.039431353,-0.08096472,-0.105427439,0.001241,0.024138269,-0.076756842,-0.087348615,-0.052889508,-0.036193244,-0.028560308,-0.016914414
20180401,-0.036901706,-0.009256829,-0.006878468,0.036939881,0.001241,-0.000713664,-0.006085878,0.026167609,0.019247934,0.020808103,0.003347501,-0.000028754
20180501,0.012185633,-0.03356896,-0.00393556,0.051107642,0.001241,0.01353882,0.009686586,0.001957388,0.071396243,-0.013265512,0.044115685,0.002270809
20180601,-0.082491996,-0.026189124,0.008436533,0.062810016,0.001241,-0.000674872,0.016161244,0.025588989,0.050615203,0.00163642,0.024304235,-0.000407948
20180701,0.001383317,0.016116161,0.039896055,-0.038395105,0.001241,0.01533352,0.037670329,-0.050442467,-0.007762861,0.033722337,-0.016428614,0.027050176
20180801,-0.065983566,-0.002976865,0.028054862,0.01477058,0.001241,0.001669315,0.017859106,0.007677786,-0.004230961,0.040213081,-0.010831921,0.018007515
20180901,0.018517824,-0.026617953,0.020436497,0.013818574,0.001241,-0.003358501,0.021339888,-0.021362635,0.026493372,0.046865889,-0.005335,0.016747925
20181001,-0.111910813,0.032403595,0.034427457,-0.0072848,0.001241,0.031258501,0.011380576,-0.011527287,-0.015953167,0.034755679,-0.005000806,0.018386574
20181101,0.020592089,0.045959581,-0.021430562,-0.085013435,0.001241,0.020650264,0.001988786,-0.067678851,-0.048166667,-0.031483538,-0.034490943,0.014779502
20181201,-0.039111278,-0.002655868,-0.006420268,0.030417602,0.001241,0.010357169,-0.00889815,0.009216803,0.007477095,0.0163955,0.003690693,0.008199902
20190101,0.021971485,-0.05695774,0.013119914,0.032937357,0.001241,-0.02553834,0.034873723,0.016503313,0.051394155,-0.027529538,0.015267166,-0.008002191
20190201,0.161568725,0.062995679,-0.031841094,-0.159105512,0.001241,0.015368344,-0.025800489,-0.092656824,-0.102815368,-0.024621346,-0.052431633,-0.006837664
20190301,0.080278365,0.031738023,-0.023196801,-0.008301605,0.001241,0.0068343,0.001093571,0.002514173,-0.044454022,-0.02215855,-0.029886039,0.006549931
20190401,-0.017474327,-0.019538624,0.005968575,0.048095051,0.001241,0.00537355,0.026961515,0.007012735,0.040853632,-0.008416675,0.003912628,0.007529634
20190501,-0.060885665,0.012903185,-0.00673477,0.03785168,0.001241,0.023589548,-0.008674217,0.002591719,-0.011074374,0.027709782,-0.027577399,0.029707417
20190601,0.026074734,-0.038150322,-0.030670295,0.018449182,0.001241,-0.006363498,-0.013807061,-0.007206611,0.039957594,-0.014620123,0.019858979,-0.002523048
20190701,-0.006205142,-0.019941387,-0.019235612,0.006947654,0.001241,-0.00301272,-0.018228826,-0.000396572,0.025931532,-0.020646903,0.030965383,-0.024857585
20190801,0.0005443,-0.021642923,-0.067009308,0.058826112,0.001241,-0.011178584,-0.040456526,0.025201276,0.024594867,-0.055611113,0.010050426,-0.016454764
20190901,0.002149565,0.016845304,-0.006203312,-0.016441498,0.001241,0.012665638,-0.018318356,-0.005908313,0.020667894,-0.008203601,0.021126644,-0.021605563
20191001,0.003127452,-0.010187446,-0.017792557,0.034980268,0.001241,-0.003656433,-0.004217555,0.016137151,0.006841261,-0.022926315,0.00787307,-0.011142231
20191101,-0.01424826,-0.011005832,0.010168077,-0.00471134,0.001241,-0.00678447,0.009146483,-0.007823338,0.019601192,0.005440333,0.012636577,0.005474871
20191201,0.070125021,0.012975649,0.000303417,0.014183604,0.001241,0.009724453,-0.007631621,0.005463365,0.004418928,-0.015701464,0.005729097,0.00132691
20200101,-0.003885042,0.018341246,-0.041904797,0.044944499,0.001241,-0.004002722,-0.03619797,0.054986636,0.012357792,-0.017306488,0.024130227,-0.030732551
20200201,0.000717881,-0.000455941,-0.040651971,0.068932697,0.001241,-0.014778174,-0.027411208,0.057675906,-0.007280617,-0.017054192,0.00750735,-0.022481668
20200301,-0.056973326,0.024209434,0.01648868,-0.032028016,0.001241,0.036406831,0.029545782,-0.068740595,-0.021692409,0.007350265,-0.032211282,0.003745274
20200401,0.049190825,-0.036986789,-0.048976186,0.091774483,0.001241,-0.025459268,-0.0272433,0.075791809,0.049292758,-0.063212479,0.042717415,-0.038039394
20200501,0.009564898,0.014052602,-0.031272279,0.029136572,0.001241,0.003498055,-0.018713745,0.01127691,0.0102289,-0.03445378,0.012159005,-0.019288206
20200601,0.084948508,-0.006164457,-0.083930956,0.109028075,0.001241,-0.006221998,-0.052464397,0.076246806,0.050251357,-0.052611948,0.0343874,-0.027192082
20200701,0.138571039,-0.003887601,0.009741939,0.040436935,0.001241,-0.004362945,0.034399136,0.002413965,0.004536155,-0.004131869,0.002459026,0.000815815
20200801,0.024236825,0.020137776,-0.001866076,-0.014105224,0.001241,0.030341682,-0.006910013,-0.046517496,0.007273738,-0.004031242,-0.009330178,0.012145137
20200901,-0.064277707,-0.004311163,0.005821582,-0.014160549,0.001241,0.01604848,0.003802966,-0.026064505,0.022569754,-0.012475998,-0.000331757,0.012688411
20201001,0.010234508,0.002247026,-0.019208866,0.017133249,0.001241,0.025741991,-0.013312114,0.013939827,0.032437887,-0.023490721,0.014160258,0.002477363
20201101,0.035103803,-0.021678942,0.073278633,-0.051663293,0.001241,-0.006929373,0.061800574,-0.064046403,-0.026376764,0.023373419,-0.009673307,0.008519772
20201201,0.041259547,-0.086447811,-0.040119999,0.168098526,0.001241,-0.047804312,0.006281199,0.075903821,0.08738175,-0.115952912,0.033432953,-0.022874202
20210101,-0.00118862,-0.093145669,-0.038032979,0.088803998,0.001241,-0.047445989,-0.017485303,0.050754631,0.094740526,-0.074237111,0.051881376,-0.032312998
20210201,0.000277899,0.034076002,0.055072753,-0.062080496,0.001241,0.02335598,0.035091766,-0.035773664,-0.036115423,0.048721902,-0.013517687,0.021027359
20210301,-0.02972557,0.058863334,0.047071951,-0.041240857,0.001241,0.030599331,0.047898041,-0.030380354,-0.03925296,0.060830574,-0.018601358,0.02262803
20210401,0.025439719,-0.020204404,-0.015811016,0.06812374,0.001241,-0.013156016,0.001863842,0.033853335,0.023726733,-0.022576594,0.008767152,-0.003195991
20210501,0.047563826,0.028343683,-0.009800763,0.003417476,0.001241,0.016861398,-0.008148775,0.003241686,-0.021242722,0.001530331,-0.033198586,0.023335225
20210601,0.014194328,0.023532416,-0.02664446,-0.002416062,0.001241,0.015964593,-0.041119737,0.001228547,-0.014446051,0.010834437,-0.012964935,0.010552839
20210701,-0.031180248,0.02451352,-0.001955252,0.037081978,0.001241,-0.001858421,-0.025206934,0.081236728,-0.082004168,0.021366536,-0.004486264,-0.022000992
20210801,0.036568345,0.010777908,0.10317543,0.049226049,0.001241,0.000855872,0.083748053,0.059722213,-0.081099263,0.101893139,-0.029082673,0.030908922
20210901,0.00094772,-0.018898033,0.040385519,-0.092626214,0.001241,-0.003570697,0.043492086,-0.061225532,0.055775831,-0.004374069,0.001460051,0.00420565
20211001,-0.004044905,-0.009778201,-0.07619329,0.012171091,0.001241,-0.006598399,-0.055131866,0.002884246,0.015349953,-0.066376544,0.015420698,-0.026542138
20211101,0.025212651,0.094082127,-0.035435904,-0.04975082,0.001241,0.042756675,-0.043875228,-0.032737565,-0.026234457,-0.000673496,0.006142936,-0.013076321
20211201,0.017360239,0.011262958,0.064844828,-0.105065023,0.001241,0.014259904,0.058787847,-0.081596266,0.000374322,0.028078938,-0.029501489,0.020554309
20220101,-0.098944179,0.007182772,0.040255842,-0.034436373,0.001241,0.028485144,0.03627824,-0.051823654,-0.000320237,0.020148927,-0.015764247,0.015242561
20220201,0.03276251,0.018733555,0.034641761,0.054362381,0.001241,0.00812635,0.021564915,0.03544988,-0.029494162,0.049857903,-0.020589184,0.014115737
20220301,-0.077312652,0.046239327,0.076608827,-0.000969833,0.001241,0.040859057,0.081632026,-0.019984795,-0.031411698,0.035515265,-0.047436314,0.034244095
20220401,-0.084161181,-0.091415758,0.02426445,-0.080684102,0.001241,-0.038861634,0.035113481,-0.04130549,0.075171081,-0.023007331,0.027738987,-0.011949174
20220501,0.064359739,0.054519283,-0.010073267,0.013766053,0.001241,0.020230208,-0.014787922,0.006838043,-0.048700013,0.039737924,-0.009946893,0.006274488
20220601,0.09173485,-0.023342509,-0.077666607,-0.076031513,0.001241,-0.024446066,-0.055618359,-0.039449146,0.018410352,-0.067562147,0.037020869,-0.034962701
20220701,-0.027799018,0.077659542,0.020867153,0.023633836,0.001241,0.044170796,0.000107182,0.014237405,-0.049881866,0.054163161,-0.025593682,0.015682363
20220801,-0.026892535,0.001617123,0.027819904,0.007759195,0.001241,0.017042452,0.02178237,-0.01934466,-0.009248854,0.012603887,-0.025077302,0.022770401
20220901,-0.070861174,-0.023566576,0.022173489,0.033097723,0.001365,-0.002666325,0.021856541,0.014907175,0.023664542,0.00435992,0.009973259,0.001612357
20221001,-0.038680451,0.076702375,-0.010385889,-0.069918871,0.001365,0.026849199,-0.03701891,-0.018793534,-0.074873141,0.060439333,-0.011976802,0.012204781
20221101,0.08052597,0.004853644,0.042379662,-0.042425189,0.001365,0.012131736,0.047647387,-0.0027799,-0.008219317,0.029062382,-0.023560401,0.032648901
20221201,-0.020750915,-0.015837571,-0.032271855,-0.058710151,0.001365,-0.002095073,-0.009242617,-0.012776314,0.019536277,-0.043938679,-0.010428977,-0.006695801
20230101,0.068047196,0.002257968,-0.019494027,-0.04959838,0.001365,0.00225846,-0.023072879,-0.038412536,0.03135951,-0.028587023,0.027198598,-0.022701011
20230201,0.00678203,0.023208633,0.021987006,-0.011505751,0.001365,0.008221731,0.011777286,-0.025099195,-0.01352738,0.042396528,0.004607781,0.006712195
20230301,-0.006301144,-0.019059846,-0.000725024,0.003633042,0.001365,-0.005377442,-0.015508579,-0.015923038,-0.006696431,0.025264299,-0.003537799,0.003591007
20230401,-0.015135406,-0.021845366,0.069072956,0.025102636,0.001365,-0.010326873,0.047764235,0.019959641,-0.006754388,0.061246266,0.005516396,0.006922198
20230501,-0.03850666,0.062787647,0.004897874,0.02985369,0.001365,0.04189364,0.00105476,0.045001197,-0.031391386,0.024822369,-0.00832271,-0.008803581
20230601,0.022025199,0.008323502,-0.003623102,-0.004841373,0.001365,0.015470353,0.001999774,0.000980992,0.026221016,-0.013770332,0.00121769,-0.003888522
20230701,0.023102526,0.004261184,0.024214539,-0.069112366,0.001365,0.022039865,0.039574479,-0.078312256,-0.005597793,0.016049631,-0.031402158,0.0416675
20230801,-0.057358518,0.020263545,0.00016607,0.035238734,0.001365,0.027283414,0.00079969,0.033964331,0.006195069,0.008873006,-0.015849155,0.015129155
20230901,-0.009933912,0.013483974,0.022385187,0.003553853,0.001283,0.007766361,0.012477482,-0.005749165,-0.007171303,0.005497455,-0.008855601,0.00444286
20231001,-0.028237549,0.037687755,-0.009998594,-0.024465464,0.001283,0.025328508,-0.002049919,-0.011927002,-0.033266608,0.002880494,-0.024933152,0.015179963
20231101,0.004771495,0.05319339,0.001876453,0.027672233,0.001283,0.03568943,-0.006167243,0.023438893,-0.025893987,0.038059809,-0.024821883,0.019411659
20231201,-0.021698397,0.006118341,0.009392878,0.011094178,0.001283,0.015421834,0.004172547,0.010439008,0.018245047,-0.01668986,0.010001652,-0.005488404
20240101,-0.109442116,-0.100722511,0.088357724,0.084590658,0.001283,-0.040822026,0.068194821,-0.004262782,0.026810033,-0.003732652,0.008894106,0.005479916
20240201,0.094391807,-0.099467122,-0.050052081,-0.03197688,0.0012,-0.101696838,-0.054871739,-0.013557941,0.04762788,-0.05105215,0.082048622,-0.060276704
20240301,0.024887317,0.058980699,0.018066065,0.043864798,0.0012,0.062826553,0.016189832,0.011757804,-0.003649101,0.001004985,-0.031475975,0.021288024
20240401,0.01107266,-0.051535374,0.019879979,0.034939452,0.0012,-0.04082502,0.034392564,0.011043275,0.045587533,-0.036566871,0.069893248,-0.05151115
20240501,-0.011650437,-0.006242022,0.024763565,0.010012465,0.0012,0.004635926,0.018320747,0.022097757,0.018387596,-0.015973045,0.030515856,-0.025669653
20240601,-0.047201185,-0.048507362,0.036442491,0.098316176,0.0012,-0.007388216,0.021371277,0.053739611,0.024085955,-0.015096431,0.026780972,-0.01413637
20240701,-0.011693641,0.037688395,-0.001884886,-0.051420703,0.001118,0.028734312,0.004963236,-0.059099378,-0.055950101,0.022813881,-0.052055635,0.057465742
